Feature,Importance
GoalDifference,0.30040772591400494
Points,0.21482124763181532
WinRate,0.16391179320460164
AvgGoals,0.13461610575450583
GoalsScored,0.11696758448604634
GoalsConceded,0.06927554300902584
